epoch,time,train/box_loss,train/seg_loss,train/cls_loss,train/dfl_loss,train/sem_loss,metrics/precision(B),metrics/recall(B),metrics/mAP50(B),metrics/mAP50-95(B),metrics/precision(M),metrics/recall(M),metrics/mAP50(M),metrics/mAP50-95(M),val/box_loss,val/seg_loss,val/cls_loss,val/dfl_loss,val/sem_loss,lr/pg0,lr/pg1,lr/pg2
1,44.1649,1.296,2.11762,1.16876,1.30996,0,4e-05,0.00181,0,0,0,0,0,0,5.06746,67.241,10921.9,20.1714,0,0.00330218,0.00330218,0.0702804
2,80.0979,1.16412,1.82021,0.82345,1.18194,0,0.53825,0.60453,0.51508,0.27028,0.51991,0.57877,0.48071,0.22678,1.32473,2.96795,5.45598,1.56223,0,0.00660267,0.00660267,0.0402475
3,117.293,1.04239,1.59055,0.71163,1.11706,0,0.57241,0.57302,0.51394,0.26486,0.54844,0.53151,0.45656,0.21932,1.36484,2.78199,5.21119,1.52188,0,0.00987016,0.00987016,0.0101817
4,152.943,1.06992,1.58457,0.71835,1.14129,0,0.5671,0.53577,0.49618,0.25279,0.55301,0.49245,0.4467,0.20046,1.36129,2.55481,4.05695,1.4803,0,0.0098515,0.0098515,0.0098515
5,187.797,0.96906,1.45572,0.64403,1.08786,0,0.69658,0.58203,0.62782,0.36903,0.67856,0.53544,0.56875,0.30612,1.35248,2.08739,1.89524,1.5216,0,0.009802,0.009802,0.009802
6,223.659,0.96504,1.39009,0.62874,1.08872,0,0.82337,0.72744,0.7689,0.48668,0.79829,0.70528,0.72652,0.42409,1.01237,1.89346,1.14908,1.24224,0,0.0097525,0.0097525,0.0097525
7,258.996,0.8918,1.33827,0.58368,1.05166,0,0.6153,0.57877,0.53658,0.29816,0.61994,0.55185,0.51432,0.2598,1.33276,2.83842,1.22664,1.51922,0,0.009703,0.009703,0.009703
8,293.943,0.87956,1.29795,0.56679,1.04238,0,0.68916,0.57105,0.61167,0.38257,0.67962,0.52248,0.55442,0.32603,1.25265,3.02738,1.55838,1.41132,0,0.0096535,0.0096535,0.0096535
9,329.164,0.83527,1.23451,0.54055,1.02693,0,0.70204,0.54201,0.5927,0.35465,0.70301,0.51674,0.55192,0.3011,1.41051,2.57778,1.77334,1.57922,0,0.009604,0.009604,0.009604
10,364.017,0.84204,1.24418,0.55184,1.02483,0,0.71969,0.53927,0.62268,0.37812,0.73155,0.49772,0.55166,0.29413,1.28149,2.47249,1.44912,1.45509,0,0.0095545,0.0095545,0.0095545
11,399.012,0.84242,1.22478,0.53492,1.0269,0,0.83389,0.67246,0.73772,0.47904,0.84556,0.65854,0.70867,0.42179,1.05083,2.00418,1.00442,1.29191,0,0.009505,0.009505,0.009505
12,433.884,0.8091,1.19554,0.52171,1.00995,0,0.8674,0.72673,0.77878,0.52425,0.85142,0.71004,0.74256,0.47626,0.85848,1.48494,0.64603,1.12989,0,0.0094555,0.0094555,0.0094555
13,469.353,0.80267,1.16599,0.51498,1.009,0,0.83788,0.69445,0.75091,0.51578,0.82165,0.68346,0.72667,0.44435,0.86228,1.45357,0.77834,1.12748,0,0.009406,0.009406,0.009406
14,504.286,0.79372,1.16893,0.51159,1.00744,0,0.8905,0.69659,0.76721,0.52752,0.88057,0.68789,0.74335,0.47083,0.88379,1.54229,0.72676,1.16358,0,0.0093565,0.0093565,0.0093565
15,539.043,0.7835,1.14878,0.50297,0.99897,0,0.78877,0.69793,0.72878,0.4831,0.77873,0.68608,0.70003,0.42381,0.87086,1.64989,0.77582,1.14286,0,0.009307,0.009307,0.009307
16,573.79,0.78201,1.15093,0.49518,0.99599,0,0.8906,0.68266,0.77075,0.52889,0.88173,0.67411,0.74753,0.4801,0.85806,1.62047,0.73768,1.11095,0,0.0092575,0.0092575,0.0092575
17,609.113,0.77739,1.13315,0.49482,0.99216,0,0.88196,0.70791,0.77906,0.54234,0.85318,0.68943,0.7413,0.47165,0.82406,1.71266,0.72587,1.11953,0,0.009208,0.009208,0.009208
18,644.563,0.75582,1.12664,0.48454,0.98327,0,0.88264,0.70414,0.77279,0.51528,0.86593,0.68773,0.74257,0.47426,0.928,1.69544,0.70633,1.17502,0,0.0091585,0.0091585,0.0091585
19,679.436,0.78554,1.14688,0.50058,0.99625,0,0.709,0.5105,0.57639,0.35153,0.74165,0.45742,0.53066,0.30227,1.51313,2.39922,3.12629,1.89295,0,0.009109,0.009109,0.009109
20,714.475,0.75016,1.11282,0.49014,0.98209,0,0.84042,0.68608,0.75669,0.50174,0.82502,0.66615,0.71967,0.41564,0.99316,2.02815,0.88995,1.23087,0,0.0090595,0.0090595,0.0090595
21,749.327,0.74672,1.11747,0.48322,0.98214,0,0.87607,0.64382,0.70292,0.50437,0.86102,0.62652,0.67602,0.44608,0.8777,1.66262,0.79012,1.18193,0,0.00901,0.00901,0.00901
22,784.228,0.74253,1.10002,0.47735,0.97847,0,0.84843,0.66442,0.73797,0.51181,0.83762,0.65392,0.71201,0.46078,0.87812,1.41235,0.73441,1.15026,0,0.0089605,0.0089605,0.0089605
23,819.128,0.73579,1.07618,0.46893,0.97479,0,0.89998,0.71907,0.78792,0.54651,0.8709,0.69074,0.73354,0.46668,0.83234,1.91085,0.66193,1.10463,0,0.008911,0.008911,0.008911
24,853.954,0.73518,1.08917,0.47126,0.97429,0,0.88057,0.6874,0.76654,0.53486,0.87395,0.66783,0.73199,0.46843,0.81572,1.51331,0.6932,1.12517,0,0.0088615,0.0088615,0.0088615
25,888.807,0.70839,1.04966,0.45037,0.9638,0,0.90154,0.75648,0.83169,0.59132,0.89826,0.73909,0.79519,0.52246,0.7865,1.48444,0.6254,1.06437,0,0.008812,0.008812,0.008812
26,924.517,0.73714,1.08457,0.46483,0.97191,0,0.83531,0.63336,0.71373,0.48424,0.83759,0.62996,0.70443,0.44234,0.88834,1.65639,0.76113,1.1267,0,0.0087625,0.0087625,0.0087625
27,959.638,0.71726,1.05793,0.46092,0.9636,0,0.88506,0.69166,0.76607,0.55257,0.87587,0.67389,0.73347,0.49292,0.84257,1.46897,0.74974,1.12324,0,0.008713,0.008713,0.008713
28,994.403,0.72608,1.06398,0.45966,0.96942,0,0.89739,0.73794,0.80933,0.57532,0.87755,0.73548,0.78212,0.51517,0.77106,1.6643,0.63053,1.06997,0,0.0086635,0.0086635,0.0086635
29,1029.48,0.70735,1.05477,0.44768,0.96424,0,0.90247,0.73642,0.81872,0.58551,0.88879,0.72526,0.79206,0.5276,0.76344,1.50963,0.64743,1.07901,0,0.008614,0.008614,0.008614
30,1064.46,0.71405,1.04067,0.45719,0.96155,0,0.89284,0.72415,0.77762,0.56825,0.8804,0.71579,0.7532,0.51776,0.77986,1.48524,0.57901,1.08573,0,0.0085645,0.0085645,0.0085645
31,1099.35,0.7068,1.05089,0.45048,0.9593,0,0.83844,0.66738,0.72334,0.50539,0.83062,0.65662,0.70381,0.45774,0.84809,1.51602,0.75925,1.13449,0,0.008515,0.008515,0.008515
32,1134.17,0.70972,1.03604,0.45387,0.96252,0,0.91717,0.73646,0.79526,0.55435,0.91202,0.73564,0.78059,0.50386,0.78286,1.58584,0.62389,1.06828,0,0.0084655,0.0084655,0.0084655
33,1169.09,0.70365,1.04383,0.45077,0.95807,0,0.91225,0.69946,0.77153,0.56199,0.89453,0.69019,0.73726,0.50078,0.76131,1.43897,0.62281,1.06725,0,0.008416,0.008416,0.008416
34,1204.42,0.69489,1.02667,0.44312,0.95617,0,0.87353,0.73433,0.80181,0.56873,0.85752,0.7125,0.76752,0.51286,0.75637,1.37377,0.64946,1.06112,0,0.0083665,0.0083665,0.0083665
35,1239.28,0.68605,1.0126,0.43819,0.95402,0,0.88212,0.70114,0.77377,0.54681,0.87267,0.6956,0.76002,0.49688,0.78026,1.42132,0.70508,1.07798,0,0.008317,0.008317,0.008317
36,1274.23,0.68667,1.01364,0.43543,0.95345,0,0.89624,0.72268,0.79016,0.57107,0.90308,0.69741,0.76229,0.52736,0.73304,1.43558,0.63681,1.05605,0,0.0082675,0.0082675,0.0082675
37,1309.09,0.69986,1.0348,0.44069,0.95808,0,0.83413,0.67246,0.73387,0.53391,0.82656,0.65901,0.70569,0.46124,0.77231,1.5636,0.82404,1.09387,0,0.008218,0.008218,0.008218
38,1343.98,0.69504,1.02535,0.44173,0.95519,0,0.86779,0.71119,0.77996,0.5634,0.84717,0.69429,0.74856,0.49683,0.74194,1.44157,0.65446,1.07322,0,0.0081685,0.0081685,0.0081685
39,1378.89,0.68638,1.01251,0.43953,0.95282,0,0.91974,0.70708,0.7794,0.54875,0.89269,0.67804,0.73905,0.48574,0.79055,1.4201,0.8123,1.10114,0,0.008119,0.008119,0.008119
40,1413.76,0.67603,1.00098,0.43169,0.94582,0,0.87941,0.70483,0.77225,0.56779,0.86278,0.6915,0.74019,0.50501,0.74512,1.41898,0.60284,1.06205,0,0.0080695,0.0080695,0.0080695
41,1448.64,0.67873,1.01276,0.43193,0.94643,0,0.8955,0.69101,0.74084,0.5262,0.88479,0.67525,0.72341,0.47844,0.79216,1.51241,0.77109,1.09507,0,0.00802,0.00802,0.00802
42,1483.55,0.67974,1.00038,0.42849,0.94754,0,0.89225,0.72169,0.79585,0.58305,0.88102,0.70873,0.77146,0.53266,0.71322,1.36014,0.53801,1.05073,0,0.0079705,0.0079705,0.0079705
43,1519.07,0.67941,1.01089,0.42775,0.94732,0,0.88292,0.7171,0.77618,0.56602,0.86742,0.70135,0.74672,0.50841,0.73527,1.42099,0.70746,1.06377,0,0.007921,0.007921,0.007921
44,1553.93,0.66487,0.98878,0.42227,0.94008,0,0.91818,0.72741,0.81603,0.59218,0.90356,0.71136,0.78276,0.54157,0.71075,1.32981,0.57671,1.02493,0,0.0078715,0.0078715,0.0078715
45,1589.34,0.67015,1.00146,0.42654,0.94419,0,0.90064,0.70802,0.76925,0.57013,0.89158,0.69806,0.74656,0.52176,0.72352,1.44861,0.60567,1.06204,0,0.007822,0.007822,0.007822
46,1624.27,0.66628,0.98707,0.42347,0.94102,0,0.87261,0.69068,0.76084,0.54902,0.85253,0.67706,0.73567,0.50191,0.77304,1.30182,0.63166,1.07904,0,0.0077725,0.0077725,0.0077725
47,1659.17,0.65692,0.97049,0.41618,0.93893,0,0.90948,0.71053,0.77205,0.56465,0.90159,0.70414,0.75206,0.50667,0.73708,1.39111,0.61336,1.06279,0,0.007723,0.007723,0.007723
48,1694.01,0.66408,0.97943,0.42186,0.94241,0,0.90117,0.72908,0.81015,0.59675,0.88623,0.71453,0.78402,0.53379,0.70047,1.36163,0.54822,1.02404,0,0.0076735,0.0076735,0.0076735
49,1728.98,0.66052,0.97982,0.41895,0.93859,0,0.88512,0.72219,0.79794,0.58015,0.86926,0.71726,0.77672,0.53461,0.72212,1.35438,0.59969,1.03967,0,0.007624,0.007624,0.007624
50,1763.87,0.65777,0.9661,0.41418,0.94067,0,0.90321,0.70414,0.77752,0.56414,0.88386,0.69436,0.74504,0.50321,0.7279,1.45643,0.60945,1.03498,0,0.0075745,0.0075745,0.0075745
51,1798.96,0.65461,0.96945,0.41458,0.93647,0,0.90153,0.71611,0.77405,0.56669,0.89856,0.71077,0.76024,0.525,0.7247,1.48504,0.65435,1.04334,0,0.007525,0.007525,0.007525
52,1833.66,0.64518,0.96817,0.41182,0.93566,0,0.91398,0.75648,0.83737,0.61433,0.90399,0.74729,0.81652,0.55385,0.68828,1.34694,0.53216,1.01904,0,0.0074755,0.0074755,0.0074755
53,1869.42,0.65554,0.96802,0.41203,0.93431,0,0.89708,0.72088,0.79338,0.57838,0.89764,0.71562,0.77837,0.52926,0.6911,1.41778,0.5723,1.01916,0,0.007426,0.007426,0.007426
54,1904.55,0.64399,0.95554,0.40915,0.93317,0,0.89935,0.72941,0.80345,0.58237,0.89242,0.71595,0.77296,0.51902,0.72146,1.34676,0.60663,1.0289,0,0.0073765,0.0073765,0.0073765
55,51.1398,0.6378,0.95757,0.40334,0.93033,0,0.90714,0.72465,0.8007,0.59165,0.90451,0.72169,0.7766,0.54141,0.69115,1.3399,0.52679,1.0432,0,0.007327,0.007327,0.007327
56,98.3184,0.65108,0.97005,0.40834,0.93153,0,0.92828,0.70089,0.7749,0.57453,0.90981,0.68694,0.73937,0.51217,0.68735,1.33672,0.60926,1.03255,0,0.0072775,0.0072775,0.0072775
57,143.718,0.64242,0.96321,0.40903,0.9334,0,0.85052,0.71201,0.76074,0.55784,0.84962,0.70331,0.73924,0.51301,0.73107,1.43887,0.55591,1.05684,0,0.007228,0.007228,0.007228
58,192.134,0.6477,0.95804,0.40848,0.9344,0,0.88714,0.70348,0.77024,0.57768,0.88696,0.69806,0.74962,0.53084,0.67364,1.244,0.60298,1.03239,0,0.0071785,0.0071785,0.0071785
59,238.944,0.639,0.94945,0.4069,0.93335,0,0.91552,0.71132,0.78211,0.58037,0.90877,0.70447,0.75065,0.52883,0.68619,1.54022,0.53922,1.0299,0,0.007129,0.007129,0.007129
60,285.912,0.63603,0.94551,0.40434,0.92951,0,0.90379,0.7045,0.77405,0.5746,0.8846,0.6893,0.74774,0.52763,0.67561,1.43625,0.57644,1.03766,0,0.0070795,0.0070795,0.0070795
61,334.516,0.63008,0.9463,0.39869,0.92687,0,0.87991,0.75845,0.82886,0.60998,0.87705,0.74664,0.80439,0.54788,0.67846,1.32831,0.51597,1.02159,0,0.00703,0.00703,0.00703
62,383.21,0.62448,0.93328,0.39441,0.9228,0,0.91987,0.74844,0.83087,0.61341,0.91041,0.73536,0.79965,0.55735,0.6558,1.31346,0.50124,1.00046,0,0.0069805,0.0069805,0.0069805
63,430.112,0.62362,0.93128,0.39715,0.92931,0,0.87979,0.7381,0.7992,0.59623,0.8596,0.72383,0.76504,0.53255,0.65992,1.47,0.50926,1.00532,0,0.006931,0.006931,0.006931
64,479.167,0.63285,0.95216,0.40251,0.92672,0,0.9274,0.75697,0.83971,0.62077,0.90941,0.74237,0.80224,0.56455,0.66157,1.40403,0.49856,1.02099,0,0.0068815,0.0068815,0.0068815
65,527.769,0.63154,0.93654,0.40048,0.9292,0,0.89732,0.71562,0.80279,0.60843,0.88558,0.70873,0.77071,0.54735,0.65251,1.40756,0.52357,1.00374,0,0.006832,0.006832,0.006832
66,579.84,0.62003,0.91677,0.39109,0.92259,0,0.87903,0.72399,0.77524,0.58711,0.87008,0.71595,0.74742,0.53673,0.64166,1.35246,0.51532,1.02889,0,0.0067825,0.0067825,0.0067825
67,629.844,0.62563,0.93785,0.39706,0.92667,0,0.9061,0.7171,0.78701,0.59575,0.89854,0.7092,0.76313,0.53837,0.64568,1.29901,0.56401,1.00291,0,0.006733,0.006733,0.006733
68,679.755,0.62062,0.92534,0.39457,0.92805,0,0.86868,0.75205,0.79186,0.58734,0.86844,0.73874,0.76277,0.53073,0.66551,1.33204,0.53727,1.02049,0,0.0066835,0.0066835,0.0066835
69,727.499,0.61486,0.91361,0.39115,0.92122,0,0.90454,0.72615,0.804,0.59579,0.90363,0.71854,0.7848,0.54384,0.66205,1.40009,0.50491,1.02135,0,0.006634,0.006634,0.006634
70,775.717,0.63014,0.92686,0.39567,0.92668,0,0.91594,0.71611,0.77838,0.59297,0.9105,0.71464,0.76027,0.53911,0.64385,1.35457,0.55776,1.01971,0,0.0065845,0.0065845,0.0065845
71,823.143,0.61909,0.92853,0.39142,0.91947,0,0.91855,0.7235,0.77849,0.57748,0.91064,0.71808,0.76296,0.52162,0.67085,1.45132,0.53637,1.03079,0,0.006535,0.006535,0.006535
72,871.536,0.61538,0.91465,0.38542,0.91879,0,0.87458,0.71402,0.78308,0.57895,0.87523,0.69577,0.75793,0.52005,0.67708,1.40812,0.56467,1.03701,0,0.0064855,0.0064855,0.0064855
73,919.529,0.61282,0.91097,0.39064,0.92098,0,0.917,0.70742,0.78916,0.59066,0.90357,0.69642,0.75482,0.52334,0.63972,1.34921,0.5878,1.0106,0,0.006436,0.006436,0.006436
74,967.966,0.61824,0.91903,0.38933,0.92216,0,0.89093,0.72518,0.78607,0.57417,0.8816,0.71841,0.76447,0.52305,0.68545,1.5172,0.50391,1.04519,0,0.0063865,0.0063865,0.0063865
75,1016.71,0.61015,0.91364,0.38736,0.91944,0,0.90158,0.74237,0.81793,0.61354,0.9051,0.71364,0.78688,0.5446,0.65538,1.26892,0.53777,1.00393,0,0.006337,0.006337,0.006337
76,1066.86,0.61213,0.9117,0.3883,0.91983,0,0.90244,0.71841,0.76754,0.59062,0.90462,0.70499,0.75006,0.53148,0.63004,1.40383,0.52632,1.01464,0,0.0062875,0.0062875,0.0062875
77,1115.63,0.60502,0.90737,0.38187,0.91813,0,0.91935,0.72941,0.81013,0.61005,0.91242,0.71969,0.77852,0.54868,0.6213,1.37998,0.51352,0.98494,0,0.006238,0.006238,0.006238
78,1163.85,0.59992,0.90164,0.38121,0.91654,0,0.91867,0.72038,0.79239,0.59235,0.91606,0.71454,0.77513,0.53718,0.64917,1.36513,0.51455,1.01379,0,0.0061885,0.0061885,0.0061885
79,1212.44,0.60198,0.89172,0.37754,0.91591,0,0.87246,0.73302,0.79727,0.6046,0.88452,0.71152,0.7697,0.5415,0.63698,1.3902,0.50958,1.01093,0,0.006139,0.006139,0.006139
80,1258.76,0.60912,0.9016,0.38158,0.91804,0,0.88688,0.72793,0.78999,0.58624,0.88376,0.72317,0.76983,0.54001,0.65735,1.41236,0.5392,1.02227,0,0.0060895,0.0060895,0.0060895
81,1309.89,0.60602,0.90536,0.38406,0.91487,0,0.94209,0.71792,0.80522,0.60273,0.9282,0.71398,0.78215,0.55266,0.62474,1.28077,0.49825,0.99906,0,0.00604,0.00604,0.00604
82,1358.11,0.59488,0.88437,0.37789,0.91449,0,0.88154,0.74249,0.80162,0.61017,0.88529,0.73302,0.78043,0.55852,0.62693,1.43783,0.5102,1.00862,0,0.0059905,0.0059905,0.0059905
83,1405.74,0.59145,0.8962,0.376,0.91362,0,0.91878,0.72186,0.79096,0.60357,0.90854,0.71267,0.75909,0.54467,0.62827,1.3387,0.54338,1.00491,0,0.005941,0.005941,0.005941
84,1453.21,0.59402,0.89029,0.3775,0.91098,0,0.92146,0.70651,0.77003,0.58031,0.90176,0.70249,0.74695,0.52631,0.63754,1.27892,0.56754,1.00897,0,0.0058915,0.0058915,0.0058915
85,1501.07,0.59038,0.88794,0.37173,0.91048,0,0.92206,0.73466,0.79343,0.61484,0.91217,0.72259,0.7706,0.55895,0.60757,1.21224,0.50567,0.98981,0,0.005842,0.005842,0.005842
86,1550.39,0.58668,0.87485,0.36984,0.90908,0,0.91752,0.75353,0.83456,0.6299,0.90305,0.74106,0.79937,0.57218,0.60956,1.28784,0.47771,0.98798,0,0.0057925,0.0057925,0.0057925
87,1597.95,0.59178,0.89378,0.37266,0.9088,0,0.90534,0.74762,0.82554,0.62014,0.90602,0.73563,0.80323,0.56741,0.62078,1.45018,0.45507,0.9817,0,0.005743,0.005743,0.005743
88,1647.23,0.59146,0.8883,0.37313,0.91061,0,0.92526,0.74138,0.83309,0.62789,0.9117,0.73039,0.80404,0.57338,0.60269,1.25425,0.46292,0.98571,0,0.0056935,0.0056935,0.0056935
89,1693.68,0.58884,0.87836,0.3728,0.91226,0,0.91026,0.72104,0.79352,0.61182,0.90464,0.71607,0.77716,0.55676,0.60678,1.31528,0.49258,0.99511,0,0.005644,0.005644,0.005644
90,1742.57,0.57698,0.86102,0.36639,0.90607,0,0.93175,0.73121,0.81388,0.62898,0.92626,0.72678,0.79842,0.57552,0.57838,1.33992,0.48266,0.96386,0,0.0055945,0.0055945,0.0055945
91,1791.25,0.57638,0.86703,0.36393,0.90562,0,0.91837,0.74027,0.81517,0.6249,0.90108,0.7317,0.78865,0.56491,0.59966,1.37138,0.47752,0.97007,0,0.005545,0.005545,0.005545
92,1839.66,0.58476,0.88329,0.3686,0.9074,0,0.92008,0.71349,0.76072,0.587,0.92101,0.70988,0.74737,0.54492,0.61699,1.30439,0.50381,1.0041,0,0.0054955,0.0054955,0.0054955
93,1887.68,0.58124,0.862,0.36797,0.90833,0,0.91956,0.72891,0.80742,0.60845,0.91025,0.72087,0.77888,0.55648,0.60121,1.34867,0.48115,0.98409,0,0.005446,0.005446,0.005446
94,1934.65,0.58197,0.86637,0.36933,0.90475,0,0.9184,0.74696,0.821,0.62751,0.9111,0.7433,0.80245,0.5753,0.58579,1.35186,0.46687,0.97246,0,0.0053965,0.0053965,0.0053965
95,1983.72,0.57451,0.8712,0.36314,0.90366,0,0.90158,0.73236,0.78911,0.60275,0.90318,0.72249,0.76821,0.54937,0.58994,1.35264,0.49304,0.98029,0,0.005347,0.005347,0.005347
96,2033.52,0.57946,0.86644,0.36378,0.90741,0,0.91723,0.73644,0.80977,0.6272,0.92617,0.73531,0.79832,0.57749,0.57967,1.33624,0.45815,0.9736,0,0.0052975,0.0052975,0.0052975
97,2082.77,0.57839,0.86615,0.36331,0.90398,0,0.92096,0.74182,0.82111,0.63026,0.91502,0.73681,0.79162,0.56979,0.58294,1.36291,0.4691,0.964,0,0.005248,0.005248,0.005248
98,2129.78,0.57052,0.85997,0.35917,0.89927,0,0.90103,0.73055,0.78736,0.61709,0.90381,0.72317,0.76624,0.56273,0.58286,1.29115,0.51812,0.975,0,0.0051985,0.0051985,0.0051985
99,2177.4,0.56639,0.85714,0.35763,0.90126,0,0.91711,0.72629,0.80671,0.6257,0.91844,0.72441,0.78647,0.57317,0.57347,1.3543,0.47922,0.97083,0,0.005149,0.005149,0.005149
100,2226.06,0.56756,0.85681,0.35621,0.90114,0,0.91586,0.70372,0.76566,0.58926,0.88999,0.71234,0.75133,0.53828,0.60731,1.28639,0.49338,0.99939,0,0.0050995,0.0050995,0.0050995
101,2275.29,0.5637,0.84238,0.35467,0.90051,0,0.89893,0.73745,0.7962,0.61289,0.91011,0.72153,0.77453,0.55746,0.60658,1.28102,0.45932,1.00143,0,0.00505,0.00505,0.00505
102,2323.29,0.56043,0.85161,0.35732,0.89945,0,0.91226,0.73881,0.81186,0.6163,0.90505,0.74303,0.79636,0.5641,0.59101,1.32253,0.45383,0.97565,0,0.0050005,0.0050005,0.0050005
103,2370.91,0.56741,0.84979,0.35789,0.90017,0,0.92164,0.7064,0.76071,0.59229,0.91975,0.70523,0.74782,0.54592,0.59446,1.36782,0.52553,0.99212,0,0.004951,0.004951,0.004951
104,2420.24,0.56407,0.84572,0.3546,0.90114,0,0.93161,0.71751,0.78004,0.61153,0.92169,0.71075,0.75755,0.56051,0.58161,1.32507,0.47209,0.98241,0,0.0049015,0.0049015,0.0049015
105,2470.55,0.55782,0.85086,0.35295,0.89678,0,0.91365,0.7381,0.82501,0.64104,0.91593,0.72938,0.79656,0.57735,0.56701,1.27795,0.44624,0.95852,0,0.004852,0.004852,0.004852
106,2518.53,0.56063,0.84766,0.35443,0.90117,0,0.93037,0.72826,0.8105,0.6266,0.88914,0.75008,0.7918,0.57599,0.59512,1.35306,0.45701,0.9824,0,0.0048025,0.0048025,0.0048025
107,2568.03,0.56615,0.84062,0.35555,0.89901,0,0.92926,0.74155,0.8064,0.62817,0.91764,0.73187,0.78252,0.57093,0.57012,1.28668,0.46897,0.96964,0,0.004753,0.004753,0.004753
108,2621.81,0.55803,0.83417,0.35363,0.89725,0,0.92621,0.73328,0.80275,0.62275,0.91932,0.72678,0.78629,0.56377,0.57092,1.31025,0.47332,0.974,0,0.0047035,0.0047035,0.0047035
109,2674.14,0.56027,0.84775,0.35287,0.89872,0,0.92731,0.73473,0.78867,0.61855,0.92201,0.72711,0.76916,0.56165,0.5744,1.30715,0.45312,0.98144,0,0.004654,0.004654,0.004654
110,2720.02,0.55349,0.83714,0.35026,0.8933,0,0.91963,0.74163,0.80287,0.62598,0.91709,0.73302,0.78066,0.57101,0.56376,1.2743,0.45082,0.96793,0,0.0046045,0.0046045,0.0046045
111,2767.1,0.54628,0.82542,0.34745,0.8942,0,0.92249,0.73039,0.79898,0.61707,0.91005,0.71553,0.77131,0.56382,0.5789,1.29027,0.48213,0.97734,0,0.004555,0.004555,0.004555
112,2817.8,0.55276,0.83052,0.34843,0.89632,0,0.9142,0.75528,0.82321,0.64035,0.90794,0.75095,0.8072,0.58305,0.56723,1.37191,0.4329,0.9669,0,0.0045055,0.0045055,0.0045055
113,2866.2,0.55839,0.83938,0.34943,0.89747,0,0.91362,0.72941,0.78138,0.61727,0.90598,0.72107,0.76347,0.5584,0.57282,1.30421,0.49338,0.97536,0,0.004456,0.004456,0.004456
114,2914.54,0.55295,0.83583,0.34827,0.89453,0,0.92582,0.75362,0.82629,0.64312,0.92133,0.74467,0.80488,0.59371,0.56233,1.2782,0.43364,0.96496,0,0.0044065,0.0044065,0.0044065
115,2962.29,0.54565,0.82798,0.34364,0.89137,0,0.9113,0.75019,0.8114,0.63436,0.91616,0.74415,0.79816,0.5835,0.56547,1.36357,0.42935,0.963,0,0.004357,0.004357,0.004357
116,3011.77,0.54955,0.83073,0.34555,0.8922,0,0.91018,0.76058,0.827,0.63986,0.90533,0.76009,0.80748,0.57911,0.55922,1.35361,0.4195,0.95451,0,0.0043075,0.0043075,0.0043075
117,3062.15,0.54517,0.83041,0.34297,0.89133,0,0.91584,0.7393,0.80417,0.62453,0.91161,0.74131,0.78537,0.57058,0.56095,1.25904,0.44702,0.9624,0,0.004258,0.004258,0.004258
118,3110.8,0.54316,0.82849,0.34441,0.89009,0,0.91305,0.74444,0.81667,0.63582,0.91167,0.7363,0.79335,0.58025,0.55734,1.33755,0.43568,0.96021,0,0.0042085,0.0042085,0.0042085
119,3159.68,0.54118,0.83097,0.34212,0.89288,0,0.92036,0.73055,0.80052,0.62386,0.91038,0.72908,0.78106,0.57367,0.5661,1.27855,0.44502,0.96987,0,0.004159,0.004159,0.004159
120,3207.5,0.54357,0.81526,0.34463,0.89,0,0.91854,0.7364,0.8095,0.63324,0.91171,0.73597,0.7957,0.57442,0.57768,1.39067,0.43408,0.97374,0,0.0041095,0.0041095,0.0041095
121,3256.9,0.54036,0.80707,0.34127,0.88937,0,0.90276,0.73876,0.80207,0.62723,0.89695,0.734,0.78475,0.57328,0.56757,1.34374,0.45061,0.97408,0,0.00406,0.00406,0.00406
122,3307.17,0.53266,0.81241,0.3355,0.88829,0,0.9095,0.73023,0.79556,0.62065,0.89229,0.73909,0.78096,0.56859,0.57124,1.35217,0.45408,0.98128,0,0.0040105,0.0040105,0.0040105
123,3355.69,0.53575,0.81166,0.33758,0.88904,0,0.92172,0.73827,0.80083,0.6288,0.90811,0.73843,0.78402,0.58005,0.56337,1.28212,0.43499,0.96878,0,0.003961,0.003961,0.003961
124,3403.5,0.5303,0.80986,0.33501,0.88582,0,0.90742,0.72941,0.78003,0.61178,0.91985,0.71382,0.76234,0.56213,0.57493,1.32461,0.44121,0.98222,0,0.0039115,0.0039115,0.0039115
125,3452.55,0.53264,0.79978,0.33577,0.89009,0,0.89167,0.73843,0.78215,0.61464,0.89065,0.73285,0.76284,0.56147,0.56781,1.36742,0.45497,0.97375,0,0.003862,0.003862,0.003862
126,3500.09,0.53664,0.80869,0.33621,0.88771,0,0.87964,0.75914,0.80528,0.62985,0.89198,0.74171,0.78517,0.57624,0.55787,1.37645,0.43626,0.96977,0,0.0038125,0.0038125,0.0038125
127,3550.07,0.52298,0.79074,0.33101,0.88451,0,0.89809,0.74171,0.79554,0.6198,0.89158,0.74216,0.78335,0.56732,0.55889,1.3607,0.44184,0.96964,0,0.003763,0.003763,0.003763
128,3597.14,0.5312,0.8017,0.33441,0.8861,0,0.88046,0.74368,0.78977,0.61808,0.89176,0.73413,0.78033,0.56862,0.566,1.38293,0.44296,0.97517,0,0.0037135,0.0037135,0.0037135
129,3644.58,0.52573,0.79058,0.33162,0.88551,0,0.90151,0.748,0.79151,0.62131,0.89927,0.7442,0.77971,0.57246,0.56697,1.35849,0.42913,0.97855,0,0.003664,0.003664,0.003664
130,3693.49,0.52075,0.79822,0.32797,0.88394,0,0.9092,0.73138,0.7819,0.61406,0.90619,0.72842,0.76801,0.56195,0.57438,1.34929,0.45383,0.98078,0,0.0036145,0.0036145,0.0036145
131,3740.25,0.52213,0.78621,0.32961,0.88289,0,0.91092,0.73613,0.79028,0.62685,0.9241,0.72202,0.77577,0.57357,0.55929,1.32353,0.4388,0.9731,0,0.003565,0.003565,0.003565
132,3787.58,0.52024,0.79233,0.33066,0.8847,0,0.9078,0.7614,0.81293,0.64145,0.9059,0.75829,0.7994,0.5856,0.54528,1.29449,0.44336,0.95135,0,0.0035155,0.0035155,0.0035155
133,3835.45,0.52683,0.79044,0.33081,0.88554,0,0.92388,0.73384,0.78514,0.62179,0.91638,0.73547,0.7728,0.57017,0.55478,1.29579,0.45876,0.96545,0,0.003466,0.003466,0.003466
134,3884.63,0.5207,0.78454,0.32737,0.88218,0,0.92195,0.74817,0.80996,0.64198,0.91889,0.74731,0.79595,0.58329,0.54249,1.30762,0.44578,0.95233,0,0.0034165,0.0034165,0.0034165
135,3936.41,0.52613,0.79425,0.33078,0.88778,0,0.91275,0.77191,0.8336,0.66015,0.90947,0.76987,0.81746,0.59941,0.52722,1.3203,0.41175,0.94411,0,0.003367,0.003367,0.003367
136,3984.95,0.51587,0.78751,0.32535,0.88138,0,0.92064,0.76091,0.82397,0.65303,0.91978,0.75257,0.80836,0.59379,0.52857,1.30672,0.42401,0.9433,0,0.0033175,0.0033175,0.0033175
137,4034.39,0.52138,0.79419,0.32751,0.88273,0,0.92964,0.75231,0.81844,0.64642,0.92435,0.74778,0.80456,0.59179,0.53287,1.33884,0.42798,0.94813,0,0.003268,0.003268,0.003268
138,4084.57,0.51356,0.77228,0.32479,0.88015,0,0.92208,0.73988,0.80422,0.63493,0.91878,0.73691,0.78979,0.58432,0.5377,1.35537,0.44075,0.95109,0,0.0032185,0.0032185,0.0032185
139,4134.8,0.51186,0.78034,0.32205,0.88104,0,0.90114,0.76283,0.81114,0.63537,0.89637,0.75845,0.79638,0.58199,0.54588,1.29946,0.42674,0.95537,0,0.003169,0.003169,0.003169
140,4183.35,0.50921,0.7735,0.3195,0.87911,0,0.91913,0.77207,0.83069,0.64829,0.91526,0.77092,0.81645,0.5915,0.54009,1.30985,0.39989,0.9495,0,0.0031195,0.0031195,0.0031195
141,4232.34,0.50851,0.77848,0.3203,0.87867,0,0.91362,0.74303,0.81842,0.63732,0.91566,0.74713,0.80338,0.58446,0.54959,1.29192,0.4188,0.95836,0,0.00307,0.00307,0.00307
142,4281,0.51015,0.77656,0.32115,0.87749,0,0.91548,0.75003,0.81836,0.64442,0.91628,0.75123,0.80535,0.58979,0.53522,1.31557,0.41928,0.94377,0,0.0030205,0.0030205,0.0030205
143,4330.24,0.50456,0.76962,0.31873,0.87852,0,0.92228,0.76567,0.82745,0.65485,0.92099,0.75941,0.81701,0.59474,0.52525,1.34919,0.39976,0.9348,0,0.002971,0.002971,0.002971
144,4377.62,0.50931,0.77531,0.32019,0.8766,0,0.91249,0.75205,0.80787,0.64537,0.91685,0.74664,0.79916,0.59037,0.52462,1.3017,0.44831,0.93351,0,0.0029215,0.0029215,0.0029215
145,4424.97,0.49959,0.76469,0.31649,0.87685,0,0.92358,0.75162,0.81429,0.64513,0.92894,0.7445,0.80531,0.58999,0.5296,1.29208,0.43055,0.94123,0,0.002872,0.002872,0.002872
146,4472.63,0.50322,0.76106,0.3166,0.87616,0,0.89251,0.74665,0.79661,0.62978,0.92177,0.72629,0.78713,0.58055,0.54707,1.3067,0.43188,0.95642,0,0.0028225,0.0028225,0.0028225
147,4521.79,0.50014,0.75531,0.31483,0.87293,0,0.90171,0.76239,0.81838,0.64694,0.92646,0.74089,0.79843,0.59273,0.5306,1.32208,0.40725,0.94176,0,0.002773,0.002773,0.002773
148,4569.05,0.49769,0.75618,0.31349,0.87745,0,0.89986,0.78151,0.83273,0.66147,0.9239,0.76506,0.81879,0.60331,0.52013,1.27504,0.39141,0.93808,0,0.0027235,0.0027235,0.0027235
149,4619.14,0.49679,0.75629,0.31186,0.87296,0,0.91133,0.78142,0.83232,0.66147,0.91181,0.78216,0.81917,0.60271,0.52337,1.34482,0.39605,0.93993,0,0.002674,0.002674,0.002674
150,4667.11,0.49697,0.75944,0.3138,0.8755,0,0.92968,0.74975,0.82158,0.65415,0.92877,0.75139,0.80861,0.60091,0.52554,1.33396,0.41241,0.94159,0,0.0026245,0.0026245,0.0026245
151,4716.54,0.49846,0.7566,0.31239,0.87318,0,0.91804,0.76501,0.82336,0.65529,0.92147,0.76173,0.8113,0.601,0.52655,1.3008,0.40893,0.94101,0,0.002575,0.002575,0.002575
152,4765.34,0.48901,0.74416,0.30731,0.86988,0,0.89545,0.76318,0.81128,0.64376,0.90144,0.75788,0.79932,0.59039,0.53532,1.32804,0.4165,0.94933,0,0.0025255,0.0025255,0.0025255
153,4815.38,0.48854,0.7484,0.30779,0.87054,0,0.90109,0.75304,0.80572,0.63802,0.89565,0.75349,0.79224,0.58633,0.53758,1.32552,0.42964,0.95506,0,0.002476,0.002476,0.002476
154,4864.31,0.49182,0.75309,0.30943,0.87353,0,0.89722,0.75059,0.80232,0.63293,0.9006,0.74664,0.78955,0.58147,0.53896,1.34103,0.43304,0.95791,0,0.0024265,0.0024265,0.0024265
155,4913.03,0.48233,0.73585,0.30301,0.86959,0,0.89856,0.75002,0.79836,0.63431,0.89777,0.74936,0.78505,0.58187,0.53415,1.34299,0.43002,0.95333,0,0.002377,0.002377,0.002377
156,4961.27,0.48436,0.74295,0.30631,0.86965,0,0.90186,0.75451,0.80669,0.63596,0.90499,0.75183,0.79273,0.58333,0.53859,1.31874,0.42818,0.95401,0,0.0023275,0.0023275,0.0023275
157,5008.43,0.48046,0.73455,0.30232,0.87068,0,0.90285,0.75747,0.80836,0.63965,0.90025,0.75528,0.79441,0.58758,0.53617,1.3204,0.4224,0.94903,0,0.002278,0.002278,0.002278
158,5056.28,0.47964,0.73679,0.30152,0.86694,0,0.91465,0.74915,0.80546,0.64111,0.91619,0.74621,0.79725,0.58974,0.52966,1.36407,0.42834,0.94477,0,0.0022285,0.0022285,0.0022285
159,5103.36,0.48245,0.73893,0.3031,0.86827,0,0.91333,0.75353,0.81046,0.64285,0.91502,0.74921,0.79647,0.58993,0.53095,1.34089,0.43597,0.94453,0,0.002179,0.002179,0.002179
160,5152.24,0.48279,0.74085,0.30347,0.86936,0,0.91637,0.76054,0.81519,0.64832,0.91975,0.75681,0.80109,0.59359,0.52489,1.30231,0.42011,0.94103,0,0.0021295,0.0021295,0.0021295
161,5201.16,0.47666,0.73671,0.29835,0.86645,0,0.90655,0.75612,0.81131,0.64412,0.91971,0.74631,0.79834,0.5899,0.52586,1.33397,0.42279,0.94361,0,0.00208,0.00208,0.00208
162,5248.7,0.47485,0.73277,0.29684,0.86872,0,0.89657,0.7555,0.80175,0.63809,0.89922,0.75402,0.79334,0.58677,0.53041,1.37111,0.42041,0.94968,0,0.0020305,0.0020305,0.0020305
163,5296.85,0.47292,0.72702,0.2962,0.87023,0,0.89873,0.75577,0.80095,0.6374,0.8987,0.75386,0.78834,0.58774,0.52946,1.34294,0.42445,0.95035,0,0.001981,0.001981,0.001981
164,5347.25,0.46936,0.7198,0.29568,0.86821,0,0.9251,0.73794,0.80219,0.63762,0.93296,0.73958,0.79565,0.58667,0.53064,1.33848,0.4236,0.94717,0,0.0019315,0.0019315,0.0019315
165,5395.89,0.46802,0.72112,0.29435,0.86424,0,0.92046,0.74303,0.80163,0.63916,0.92812,0.7416,0.7941,0.58808,0.52499,1.32837,0.41772,0.94574,0,0.001882,0.001882,0.001882
166,5444.45,0.46413,0.71526,0.29246,0.86532,0,0.91782,0.74598,0.80878,0.64038,0.92098,0.74565,0.79597,0.59003,0.52758,1.30335,0.41352,0.94642,0,0.0018325,0.0018325,0.0018325
167,5492.43,0.46447,0.72267,0.2934,0.86597,0,0.92511,0.73958,0.80749,0.63842,0.92481,0.73991,0.79566,0.58833,0.52963,1.33097,0.4171,0.94675,0,0.001783,0.001783,0.001783
168,5543.23,0.46567,0.71059,0.29115,0.86466,0,0.90347,0.75205,0.79946,0.63493,0.90573,0.7473,0.78655,0.58419,0.53126,1.32942,0.42218,0.94887,0,0.0017335,0.0017335,0.0017335
169,5589.09,0.46501,0.72043,0.29131,0.86317,0,0.89772,0.75862,0.7985,0.63346,0.91908,0.73974,0.78466,0.58414,0.53541,1.33409,0.41096,0.95542,0,0.001684,0.001684,0.001684
170,5637.78,0.45697,0.70795,0.28771,0.86103,0,0.90092,0.7619,0.80883,0.63926,0.91184,0.74849,0.79416,0.58882,0.53263,1.32451,0.40797,0.95048,0,0.0016345,0.0016345,0.0016345
171,5684.42,0.46352,0.71721,0.28915,0.86481,0,0.90036,0.75829,0.79709,0.63299,0.90306,0.75516,0.78278,0.57956,0.53365,1.33291,0.41305,0.95215,0,0.001585,0.001585,0.001585
172,5733.61,0.4572,0.71122,0.28602,0.86114,0,0.90237,0.75832,0.80444,0.63573,0.90467,0.75367,0.78378,0.58147,0.52963,1.32692,0.41047,0.94811,0,0.0015355,0.0015355,0.0015355
173,5781.5,0.45545,0.70727,0.28522,0.8599,0,0.91876,0.74601,0.80561,0.63855,0.91552,0.74319,0.78546,0.58423,0.52728,1.32531,0.4133,0.94739,0,0.001486,0.001486,0.001486
174,5828.51,0.4505,0.70905,0.28257,0.86066,0,0.91665,0.74483,0.80619,0.63928,0.90806,0.74717,0.79106,0.5874,0.527,1.34757,0.40854,0.94635,0,0.0014365,0.0014365,0.0014365
175,5875.84,0.45243,0.69761,0.28317,0.8572,0,0.90101,0.75681,0.80866,0.64138,0.90534,0.75179,0.79467,0.59009,0.52577,1.34871,0.40861,0.94459,0,0.001387,0.001387,0.001387
176,5923.71,0.45423,0.69711,0.28404,0.86156,0,0.92502,0.74093,0.80036,0.63806,0.9244,0.74044,0.7922,0.58657,0.52903,1.33651,0.41141,0.94829,0,0.0013375,0.0013375,0.0013375
177,5972.53,0.45,0.70545,0.28247,0.85863,0,0.90758,0.75402,0.80857,0.64022,0.90313,0.75574,0.79522,0.58851,0.52942,1.33646,0.40109,0.94873,0,0.001288,0.001288,0.001288
178,6022.16,0.44213,0.69096,0.27787,0.85635,0,0.90224,0.766,0.81497,0.64696,0.92961,0.74434,0.80108,0.59195,0.52262,1.34884,0.39632,0.94228,0,0.0012385,0.0012385,0.0012385
